{
  "LogisticRegression": {
    "accuracy": 0.5965,
    "classes": [
      0,
      1,
      2
    ],
    "confusion_matrix": [
      [
        1193,
        0,
        0
      ],
      [
        607,
        0,
        0
      ],
      [
        200,
        0,
        0
      ]
    ],
    "classification_report": {
      "0": {
        "precision": 0.5965,
        "recall": 1.0,
        "f1-score": 0.7472596304415909,
        "support": 1193.0
      },
      "1": {
        "precision": 0.0,
        "recall": 0.0,
        "f1-score": 0.0,
        "support": 607.0
      },
      "2": {
        "precision": 0.0,
        "recall": 0.0,
        "f1-score": 0.0,
        "support": 200.0
      },
      "accuracy": 0.5965,
      "macro avg": {
        "precision": 0.19883333333333333,
        "recall": 0.3333333333333333,
        "f1-score": 0.2490865434805303,
        "support": 2000.0
      },
      "weighted avg": {
        "precision": 0.35581225,
        "recall": 0.5965,
        "f1-score": 0.445740369558409,
        "support": 2000.0
      }
    },
    "params": {
      "seed": 42,
      "C": 1.0,
      "penalty": "l2",
      "solver": "lbfgs",
      "max_iter": 1000
    }
  },
  "RandomForest": {
    "accuracy": 0.5965,
    "classes": [
      0,
      1,
      2
    ],
    "confusion_matrix": [
      [
        1193,
        0,
        0
      ],
      [
        607,
        0,
        0
      ],
      [
        200,
        0,
        0
      ]
    ],
    "classification_report": {
      "0": {
        "precision": 0.5965,
        "recall": 1.0,
        "f1-score": 0.7472596304415909,
        "support": 1193.0
      },
      "1": {
        "precision": 0.0,
        "recall": 0.0,
        "f1-score": 0.0,
        "support": 607.0
      },
      "2": {
        "precision": 0.0,
        "recall": 0.0,
        "f1-score": 0.0,
        "support": 200.0
      },
      "accuracy": 0.5965,
      "macro avg": {
        "precision": 0.19883333333333333,
        "recall": 0.3333333333333333,
        "f1-score": 0.2490865434805303,
        "support": 2000.0
      },
      "weighted avg": {
        "precision": 0.35581225,
        "recall": 0.5965,
        "f1-score": 0.445740369558409,
        "support": 2000.0
      }
    },
    "params": {
      "seed": 42,
      "n_estimators": 100,
      "max_depth": 3
    }
  },
  "SVM": {
    "accuracy": 0.5685,
    "classes": [
      0,
      1,
      2
    ],
    "confusion_matrix": [
      [
        1117,
        15,
        61
      ],
      [
        578,
        6,
        23
      ],
      [
        182,
        4,
        14
      ]
    ],
    "classification_report": {
      "0": {
        "precision": 0.5950985615343634,
        "recall": 0.9362950544844929,
        "f1-score": 0.7276872964169381,
        "support": 1193.0
      },
      "1": {
        "precision": 0.24,
        "recall": 0.009884678747940691,
        "f1-score": 0.0189873417721519,
        "support": 607.0
      },
      "2": {
        "precision": 0.14285714285714285,
        "recall": 0.07,
        "f1-score": 0.09395973154362416,
        "support": 200.0
      },
      "accuracy": 0.5685,
      "macro avg": {
        "precision": 0.32598523479716873,
        "recall": 0.33872657774414455,
        "f1-score": 0.28021145657757135,
        "support": 2000.0
      },
      "weighted avg": {
        "precision": 0.442102006240962,
        "recall": 0.5685,
        "f1-score": 0.44922410369491406,
        "support": 2000.0
      }
    },
    "params": {
      "seed": 42,
      "C": 1.0,
      "kernel": "rbf",
      "gamma": "scale",
      "probability": false
    }
  },
  "KNN": {
    "accuracy": 0.43,
    "classes": [
      0,
      1,
      2
    ],
    "confusion_matrix": [
      [
        646,
        330,
        217
      ],
      [
        337,
        182,
        88
      ],
      [
        108,
        60,
        32
      ]
    ],
    "classification_report": {
      "0": {
        "precision": 0.5921173235563703,
        "recall": 0.5414920368818106,
        "f1-score": 0.5656742556917689,
        "support": 1193.0
      },
      "1": {
        "precision": 0.3181818181818182,
        "recall": 0.29983525535420097,
        "f1-score": 0.3087362171331637,
        "support": 607.0
      },
      "2": {
        "precision": 0.09495548961424333,
        "recall": 0.16,
        "f1-score": 0.1191806331471136,
        "support": 200.0
      },
      "accuracy": 0.43,
      "macro avg": {
        "precision": 0.33508487711747725,
        "recall": 0.3337757640786705,
        "f1-score": 0.3311970353240154,
        "support": 2000.0
      },
      "weighted avg": {
        "precision": 0.459261714280981,
        "recall": 0.43,
        "f1-score": 0.4430441987347667,
        "support": 2000.0
      }
    },
    "params": {
      "seed": 42,
      "n_neighbors": 5,
      "weights": "uniform",
      "metric": "minkowski",
      "leaf_size": 30,
      "p": 2
    }
  },
  "NaiveBayes": {
    "accuracy": 0.5965,
    "classes": [
      0,
      1,
      2
    ],
    "confusion_matrix": [
      [
        1193,
        0,
        0
      ],
      [
        607,
        0,
        0
      ],
      [
        200,
        0,
        0
      ]
    ],
    "classification_report": {
      "0": {
        "precision": 0.5965,
        "recall": 1.0,
        "f1-score": 0.7472596304415909,
        "support": 1193.0
      },
      "1": {
        "precision": 0.0,
        "recall": 0.0,
        "f1-score": 0.0,
        "support": 607.0
      },
      "2": {
        "precision": 0.0,
        "recall": 0.0,
        "f1-score": 0.0,
        "support": 200.0
      },
      "accuracy": 0.5965,
      "macro avg": {
        "precision": 0.19883333333333333,
        "recall": 0.3333333333333333,
        "f1-score": 0.2490865434805303,
        "support": 2000.0
      },
      "weighted avg": {
        "precision": 0.35581225,
        "recall": 0.5965,
        "f1-score": 0.445740369558409,
        "support": 2000.0
      }
    },
    "params": {
      "seed": 42,
      "var_smoothing": 1e-09
    }
  },
  "_best_model": {
    "name": "LogisticRegression",
    "accuracy": 0.5965,
    "path": "models\\best_model.joblib"
  }
}